Movie,Minute,Kill_ID,Weapon,Who,Where
,,,,,
John Wick,0,,,,
John Wick,1,,,,
John Wick,2,,,,
John Wick,3,,,,
John Wick,4,,,,
John Wick,5,,,,
John Wick,6,,,,
John Wick,7,,,,
John Wick,8,,,,
John Wick,9,,,,
John Wick,10,,,,
John Wick,11,,,,
John Wick,12,,,,
John Wick,13,,,,
John Wick,14,,,,
John Wick,15,,,,
John Wick,16,,,,
John Wick,17,,,,
John Wick,18,,,,
John Wick,19,,,,
John Wick,20,,,,
John Wick,21,,,,
John Wick,22,,,,
John Wick,23,,,,
John Wick,24,,,,
John Wick,25,,,,
John Wick,26,,,,
John Wick,27,,,,
John Wick,28,,,,
John Wick,29,1,Handgun,Russian Hit Crew,John's House
John Wick,29,2,Handgun,Russian Hit Crew,John's House
John Wick,29,3,Handgun,Russian Hit Crew,John's House
John Wick,29,4,Handgun,Russian Hit Crew,John's House
John Wick,29,5,Handgun,Russian Hit Crew,John's House
John Wick,29,6,Handgun,Russian Hit Crew,John's House
John Wick,29,7,Handgun,Russian Hit Crew,John's House
John Wick,29,8,Handgun,Russian Hit Crew,John's House
John Wick,30,9,Handgun,Russian Hit Crew,John's House
John Wick,30,10,Handgun,Russian Hit Crew,John's House
John Wick,30,11,Handgun,Russian Hit Crew,John's House
John Wick,30,12,Handgun,Russian Hit Crew,John's House
John Wick,31,13,Hand-to-Hand,Russian Hit Crew,John's House
John Wick,31,14,Knife,Russian Hit Crew,John's House
John Wick,32,,,,
John Wick,33,,,,
John Wick,34,,,,
John Wick,35,,,,
John Wick,36,,,,
John Wick,37,,,,
John Wick,38,,,,
John Wick,39,,,,
John Wick,40,,,,
John Wick,41,,,,
John Wick,42,,,,
John Wick,43,,,,
John Wick,44,,,,
John Wick,45,,,,
John Wick,46,,,,
John Wick,47,15,Knife,Russian Mobster,Red Circle
John Wick,48,16,Hand-to-Hand,Russian Mobster,Red Circle
John Wick,49,17,Knife,Russian Mobster,Red Circle
John Wick,49,18,Knife,Russian Mobster,Red Circle
John Wick,50,19,Handgun,Russian Mobster,Red Circle
John Wick,50,20,Handgun,Russian Mobster,Red Circle
John Wick,50,21,Handgun,Russian Mobster,Red Circle
John Wick,51,22,Handgun,Russian Mobster,Red Circle
John Wick,51,23,Handgun,Russian Mobster,Red Circle
John Wick,51,24,Handgun,Russian Mobster,Red Circle
John Wick,51,25,Handgun,Russian Mobster,Red Circle
John Wick,51,26,Handgun,Russian Mobster,Red Circle
John Wick,51,27,Handgun,Russian Mobster,Red Circle
John Wick,51,28,Handgun,Russian Mobster,Red Circle
John Wick,52,29,Handgun,Russian Mobster,Red Circle
John Wick,52,30,Handgun,Russian Mobster,Red Circle
John Wick,52,31,Handgun,Russian Mobster,Red Circle
John Wick,52,32,Handgun,Russian Mobster,Red Circle
John Wick,52,33,Handgun,Russian Mobster,Red Circle
John Wick,52,34,Handgun,Russian Mobster,Red Circle
John Wick,52,35,Handgun,Russian Mobster,Red Circle
John Wick,52,36,Handgun,Russian Mobster,Red Circle
John Wick,52,37,Handgun,Russian Mobster,Red Circle
John Wick,52,38,Handgun,Russian Mobster,Red Circle
John Wick,52,39,Handgun,Russian Mobster,Red Circle
John Wick,52,40,Handgun,Russian Mobster,Red Circle
John Wick,52,41,Handgun,Russian Mobster,Red Circle
John Wick,52,42,Handgun,Russian Mobster,Red Circle
John Wick,53,43,Handgun,Russian Mobster,Red Circle
John Wick,53,44,Handgun,Russian Mobster,Red Circle
John Wick,54,,,,
John Wick,55,,,,
John Wick,56,,,,
John Wick,57,,,,
John Wick,58,,,,
John Wick,59,,,,
John Wick,60,,,,
John Wick,61,45,Assault Rifle,Russian Mobster,Mob Church
John Wick,61,46,Assault Rifle,Russian Mobster,Mob Church
John Wick,61,47,Assault Rifle,Russian Mobster,Mob Church
John Wick,61,48,Assault Rifle,Russian Mobster,Mob Church
John Wick,62,49,Assault Rifle,Russian Mobster,Mob Church
John Wick,62,50,Assault Rifle,Russian Mobster,Mob Church
John Wick,63,,,,
John Wick,64,,,,
John Wick,65,51,Assault Rifle,Russian Mobster,Mob Church
John Wick,65,52,Assault Rifle,Russian Mobster,Mob Church
John Wick,65,53,Assault Rifle,Russian Mobster,Mob Church
John Wick,65,54,Assault Rifle,Russian Mobster,Mob Church
John Wick,65,55,Assault Rifle,Russian Mobster,Mob Church
John Wick,65,56,Handgun,Russian Mobster,Mob Church
John Wick,65,57,Assault Rifle,Russian Mobster,Mob Church
John Wick,65,58,Assault Rifle,Russian Mobster,Mob Church
John Wick,66,,,,
John Wick,67,,,,
John Wick,68,,,,
John Wick,69,,,,
John Wick,70,,,,
John Wick,71,,,,
John Wick,72,59,Hand-to-Hand,Kirill,Mob Church
John Wick,73,60,Shotgun,Russian Mobster,Mob Church
John Wick,74,61,Hand-to-Hand,Russian Mobster,Mob Safehouse
John Wick,75,62,Sniper Rifle,Russian Mobster,Mob Safehouse
John Wick,75,63,Sniper Rifle,Russian Mobster,Mob Safehouse
John Wick,75,64,Sniper Rifle,Russian Mobster,Mob Safehouse
John Wick,75,65,Sniper Rifle,Russian Mobster,Mob Safehouse
John Wick,75,66,Explosive,Russian Mobster,Mob Safehouse
John Wick,75,67,Explosive,Russian Mobster,Mob Safehouse
John Wick,76,68,Handgun,Russian Mobster,Mob Safehouse
John Wick,76,69,Handgun,Iosef Tarasov,Mob Safehouse
John Wick,77,,,,
John Wick,78,,,,
John Wick,79,,,,
John Wick,80,,,,
John Wick,81,,,,
John Wick,82,,,,
John Wick,83,,,,
John Wick,84,,,,
John Wick,85,70,Vehicle,Russian Mobster,The Docks
John Wick,86,71,Handgun,Russian Mobster,The Docks
John Wick,86,72,Handgun,Russian Mobster,The Docks
John Wick,87,73,Vehicle,Russian Mobster,The Docks
John Wick,87,74,Handgun,Russian Mobster,The Docks
John Wick,88,75,Vehicle,Avi,The Docks
John Wick,89,,,,
John Wick,90,,,,
John Wick,91,76,Knife,Viggo TaraSov,The Docks
John Wick,92,,,,
John Wick,93,,,,
John Wick,94,,,,
,,,,,
,,,,,
,,,,,
John Wick Chapter 2,0,,,,
John Wick Chapter 2,1,,,,
John Wick Chapter 2,2,1,Vehicle,Russian Mobster,NYC Streets
John Wick Chapter 2,3,,,,
John Wick Chapter 2,4,2,Hand-to-Hand,Russian Mobster,Russian Chop Shop
John Wick Chapter 2,4,3,Hand-to-Hand,Russian Mobster,Russian Chop Shop
John Wick Chapter 2,5,4,Hand-to-Hand,Russian Mobster,Russian Chop Shop
John Wick Chapter 2,5,5,Garotte,Russian Mobster,Russian Chop Shop
John Wick Chapter 2,6,,,,
John Wick Chapter 2,7,6,Vehicle,Russian Mobster,Russian Chop Shop
John Wick Chapter 2,8,,,,
John Wick Chapter 2,9,7,Vehicle,Russian Mobster,Russian Chop Shop
John Wick Chapter 2,10,8,Vehicle,Russian Mobster,Russian Chop Shop
John Wick Chapter 2,11,9,Hand-to-Hand,Russian Mobster,Russian Chop Shop
John Wick Chapter 2,12,,,,
John Wick Chapter 2,13,,,,
John Wick Chapter 2,14,,,,
John Wick Chapter 2,15,,,,
John Wick Chapter 2,16,,,,
John Wick Chapter 2,17,,,,
John Wick Chapter 2,18,,,,
John Wick Chapter 2,19,,,,
John Wick Chapter 2,20,,,,
John Wick Chapter 2,21,,,,
John Wick Chapter 2,22,,,,
John Wick Chapter 2,23,,,,
John Wick Chapter 2,24,,,,
John Wick Chapter 2,25,,,,
John Wick Chapter 2,26,,,,
John Wick Chapter 2,27,,,,
John Wick Chapter 2,28,,,,
John Wick Chapter 2,29,,,,
John Wick Chapter 2,30,,,,
John Wick Chapter 2,31,,,,
John Wick Chapter 2,32,,,,
John Wick Chapter 2,33,,,,
John Wick Chapter 2,34,,,,
John Wick Chapter 2,35,,,,
John Wick Chapter 2,36,,,,
John Wick Chapter 2,37,,,,
John Wick Chapter 2,38,,,,
John Wick Chapter 2,39,,,,
John Wick Chapter 2,40,,,,
John Wick Chapter 2,41,,,,
John Wick Chapter 2,42,,,,
John Wick Chapter 2,43,,,,
John Wick Chapter 2,44,,,,
John Wick Chapter 2,45,,,,
John Wick Chapter 2,46,,,,
John Wick Chapter 2,47,,,,
John Wick Chapter 2,48,,,,
John Wick Chapter 2,49,,,,
John Wick Chapter 2,50,,,,
John Wick Chapter 2,51,,,,
John Wick Chapter 2,52,,,,
John Wick Chapter 2,53,10,Handgun,Gianna D'Antonio ,Coronation in Rome
John Wick Chapter 2,54,,,,
John Wick Chapter 2,55,11,Handgun,Bodyguard,Coronation in Rome
John Wick Chapter 2,55,12,Handgun,Bodyguard,Coronation in Rome
John Wick Chapter 2,55,13,Handgun,Bodyguard,Coronation in Rome
John Wick Chapter 2,55,14,Handgun,Bodyguard,Coronation in Rome
John Wick Chapter 2,55,15,Handgun,Bodyguard,Coronation in Rome
John Wick Chapter 2,55,16,Handgun,Bodyguard,Coronation in Rome
John Wick Chapter 2,55,17,Handgun,Bodyguard,Coronation in Rome
John Wick Chapter 2,55,18,Handgun,Bodyguard,Coronation in Rome
John Wick Chapter 2,55,19,Handgun,Bodyguard,Coronation in Rome
John Wick Chapter 2,55,20,Handgun,Bodyguard,Coronation in Rome
John Wick Chapter 2,55,21,Handgun,Bodyguard,Coronation in Rome
John Wick Chapter 2,56,22,Handgun,Bodyguard,Coronation in Rome
John Wick Chapter 2,56,23,Handgun,Bodyguard,Coronation in Rome
John Wick Chapter 2,56,24,Handgun,Bodyguard,Coronation in Rome
John Wick Chapter 2,56,25,Handgun,Bodyguard,Coronation in Rome
John Wick Chapter 2,56,26,Handgun,Bodyguard,Coronation in Rome
John Wick Chapter 2,56,27,Handgun,Bodyguard,Coronation in Rome
John Wick Chapter 2,56,28,Handgun,Bodyguard,Coronation in Rome
John Wick Chapter 2,57,,,,
John Wick Chapter 2,58,29,Handgun,Bodyguard,Coronation in Rome
John Wick Chapter 2,58,30,Handgun,Bodyguard,Coronation in Rome
John Wick Chapter 2,58,31,Handgun,Bodyguard,Coronation in Rome
John Wick Chapter 2,58,32,Handgun,Bodyguard,Coronation in Rome
John Wick Chapter 2,58,33,Handgun,Bodyguard,Coronation in Rome
John Wick Chapter 2,58,34,Handgun,Bodyguard,Coronation in Rome
John Wick Chapter 2,58,35,Handgun,Bodyguard,Coronation in Rome
John Wick Chapter 2,58,36,Handgun,Bodyguard,Coronation in Rome
John Wick Chapter 2,58,37,Assault Rifle,Bodyguard,Coronation in Rome
John Wick Chapter 2,58,38,Assault Rifle,Bodyguard,Coronation in Rome
John Wick Chapter 2,58,39,Assault Rifle,Bodyguard,Coronation in Rome
John Wick Chapter 2,58,40,Assault Rifle,Bodyguard,Coronation in Rome
John Wick Chapter 2,58,41,Assault Rifle,Bodyguard,Coronation in Rome
John Wick Chapter 2,59,42,Assault Rifle,Bodyguard,Coronation in Rome
John Wick Chapter 2,59,43,Assault Rifle,Bodyguard,Coronation in Rome
John Wick Chapter 2,59,44,Assault Rifle,Bodyguard,Coronation in Rome
John Wick Chapter 2,59,45,Assault Rifle,Bodyguard,Coronation in Rome
John Wick Chapter 2,59,46,Assault Rifle,Bodyguard,Coronation in Rome
John Wick Chapter 2,59,47,Assault Rifle,Bodyguard,Coronation in Rome
John Wick Chapter 2,59,48,Assault Rifle,Bodyguard,Coronation in Rome
John Wick Chapter 2,59,49,Assault Rifle,Bodyguard,Coronation in Rome
John Wick Chapter 2,59,50,Assault Rifle,Bodyguard,Coronation in Rome
John Wick Chapter 2,59,51,Assault Rifle,Bodyguard,Coronation in Rome
John Wick Chapter 2,59,52,Assault Rifle,Bodyguard,Coronation in Rome
John Wick Chapter 2,59,53,Assault Rifle,Bodyguard,Coronation in Rome
John Wick Chapter 2,59,54,Assault Rifle,Bodyguard,Coronation in Rome
John Wick Chapter 2,59,55,Assault Rifle,Bodyguard,Coronation in Rome
John Wick Chapter 2,59,56,Assault Rifle,Bodyguard,Coronation in Rome
John Wick Chapter 2,59,57,Assault Rifle,Bodyguard,Coronation in Rome
John Wick Chapter 2,59,58,Handgun,Bodyguard,Coronation in Rome
John Wick Chapter 2,60,59,Shotgun,Bodyguard,Coronation in Rome
John Wick Chapter 2,60,60,Shotgun,Bodyguard,Coronation in Rome
John Wick Chapter 2,60,61,Shotgun,Bodyguard,Coronation in Rome
John Wick Chapter 2,60,62,Handgun,Bodyguard,Coronation in Rome
John Wick Chapter 2,60,63,Shotgun,Bodyguard,Coronation in Rome
John Wick Chapter 2,60,64,Shotgun,Bodyguard,Coronation in Rome
John Wick Chapter 2,60,65,Shotgun,Bodyguard,Coronation in Rome
John Wick Chapter 2,60,66,Shotgun,Bodyguard,Coronation in Rome
John Wick Chapter 2,60,67,Shotgun,Bodyguard,Coronation in Rome
John Wick Chapter 2,60,68,Shotgun,Bodyguard,Coronation in Rome
John Wick Chapter 2,61,69,Shotgun,Bodyguard,Coronation in Rome
John Wick Chapter 2,61,70,Shotgun,Bodyguard,Coronation in Rome
John Wick Chapter 2,61,71,Shotgun,Bodyguard,Coronation in Rome
John Wick Chapter 2,61,72,Shotgun,Bodyguard,Coronation in Rome
John Wick Chapter 2,61,73,Handgun,Bodyguard,Coronation in Rome
John Wick Chapter 2,62,,,,
John Wick Chapter 2,63,,,,
John Wick Chapter 2,64,,,,
John Wick Chapter 2,65,,,,
John Wick Chapter 2,66,,,,
John Wick Chapter 2,67,,,,
John Wick Chapter 2,68,,,,
John Wick Chapter 2,69,,,,
John Wick Chapter 2,70,,,,
John Wick Chapter 2,71,,,,
John Wick Chapter 2,72,,,,
John Wick Chapter 2,73,,,,
John Wick Chapter 2,74,,,,
John Wick Chapter 2,75,,,,
John Wick Chapter 2,76,74,Pencil,Assassin,NYC Streets
John Wick Chapter 2,76,75,Pencil,Assassin,NYC Streets
John Wick Chapter 2,76,76,Hand-to-Hand,Assassin,NYC Streets
John Wick Chapter 2,77,77,Handgun,Assassin,NYC Streets
John Wick Chapter 2,78,78,Handgun,Assassin,NYC Streets
John Wick Chapter 2,79,79,Knife,Assassin,NYC Streets
John Wick Chapter 2,80,,,,
John Wick Chapter 2,81,,,,
John Wick Chapter 2,82,,,,
John Wick Chapter 2,83,,,,
John Wick Chapter 2,84,,,,
John Wick Chapter 2,85,,,,
John Wick Chapter 2,86,,,,
John Wick Chapter 2,87,,,,
John Wick Chapter 2,88,,,,
John Wick Chapter 2,89,,,,
John Wick Chapter 2,90,,,,
John Wick Chapter 2,91,,,,
John Wick Chapter 2,92,,,,
John Wick Chapter 2,93,80,Handgun,Bodyguard,New Modern NYC
John Wick Chapter 2,93,81,Handgun,Bodyguard,New Modern NYC
John Wick Chapter 2,93,82,Handgun,Bodyguard,New Modern NYC
John Wick Chapter 2,93,83,Handgun,Bodyguard,New Modern NYC
John Wick Chapter 2,93,84,Handgun,Bodyguard,New Modern NYC
John Wick Chapter 2,93,85,Handgun,Bodyguard,New Modern NYC
John Wick Chapter 2,94,86,Handgun,Bodyguard,New Modern NYC
John Wick Chapter 2,94,87,Handgun,Bodyguard,New Modern NYC
John Wick Chapter 2,94,88,Handgun,Bodyguard,New Modern NYC
John Wick Chapter 2,94,89,Handgun,Bodyguard,New Modern NYC
John Wick Chapter 2,94,90,Handgun,Bodyguard,New Modern NYC
John Wick Chapter 2,94,91,Handgun,Bodyguard,New Modern NYC
John Wick Chapter 2,94,92,Handgun,Bodyguard,New Modern NYC
John Wick Chapter 2,94,93,Handgun,Bodyguard,New Modern NYC
John Wick Chapter 2,94,94,Handgun,Bodyguard,New Modern NYC
John Wick Chapter 2,94,95,Handgun,Bodyguard,New Modern NYC
John Wick Chapter 2,94,96,Handgun,Bodyguard,New Modern NYC
John Wick Chapter 2,94,97,Handgun,Bodyguard,New Modern NYC
John Wick Chapter 2,94,98,Handgun,Bodyguard,New Modern NYC
John Wick Chapter 2,94,99,Handgun,Bodyguard,New Modern NYC
John Wick Chapter 2,95,100,Handgun,Bodyguard,New Modern NYC
John Wick Chapter 2,95,101,Handgun,Bodyguard,New Modern NYC
John Wick Chapter 2,95,102,Handgun,Bodyguard,New Modern NYC
John Wick Chapter 2,95,103,Handgun,Bodyguard,New Modern NYC
John Wick Chapter 2,95,104,Handgun,Bodyguard,New Modern NYC
John Wick Chapter 2,95,105,Handgun,Bodyguard,New Modern NYC
John Wick Chapter 2,95,106,Handgun,Bodyguard,New Modern NYC
John Wick Chapter 2,95,107,Handgun,Bodyguard,New Modern NYC
John Wick Chapter 2,95,108,Handgun,Bodyguard,New Modern NYC
John Wick Chapter 2,95,109,Handgun,Bodyguard,New Modern NYC
John Wick Chapter 2,95,110,Handgun,Bodyguard,New Modern NYC
John Wick Chapter 2,95,111,Handgun,Bodyguard,New Modern NYC
John Wick Chapter 2,95,112,Handgun,Bodyguard,New Modern NYC
John Wick Chapter 2,95,113,Handgun,Bodyguard,New Modern NYC
John Wick Chapter 2,96,114,Handgun,Bodyguard,New Modern NYC
John Wick Chapter 2,96,115,Handgun,Bodyguard,New Modern NYC
John Wick Chapter 2,97,,,,
John Wick Chapter 2,98,116,Handgun,Bodyguard,New Modern NYC
John Wick Chapter 2,98,117,Handgun,Bodyguard,New Modern NYC
John Wick Chapter 2,99,118,Handgun,Bodyguard,New Modern NYC
John Wick Chapter 2,100,119,Handgun,Bodyguard,New Modern NYC
John Wick Chapter 2,101,120,Handgun,Bodyguard,New Modern NYC
John Wick Chapter 2,101,121,Handgun,Bodyguard,New Modern NYC
John Wick Chapter 2,102,122,Knife,Ares,New Modern NYC
John Wick Chapter 2,103,,,,
John Wick Chapter 2,104,,,,
John Wick Chapter 2,105,,,,
John Wick Chapter 2,106,123,Handgun,Santino D'Antonio ,The Continential
John Wick Chapter 2,107,,,,
John Wick Chapter 2,108,,,,
John Wick Chapter 2,109,,,,
John Wick Chapter 2,110,,,,
John Wick Chapter 2,111,,,,
John Wick Chapter 2,112,,,,
John Wick Chapter 2,113,,,,
John Wick Chapter 2,114,,,,
John Wick Chapter 2,115,,,,
,,,,,
John Wick: Chapter 3 – Parabellum,0,,,,
John Wick: Chapter 3 – Parabellum,1,,,,
John Wick: Chapter 3 – Parabellum,2,,,,
John Wick: Chapter 3 – Parabellum,3,,,,
John Wick: Chapter 3 – Parabellum,4,,,,
John Wick: Chapter 3 – Parabellum,5,,,,
John Wick: Chapter 3 – Parabellum,6,,,,
John Wick: Chapter 3 – Parabellum,7,,,,
John Wick: Chapter 3 – Parabellum,8,1,Book,Ernest,NYC Public Library
John Wick: Chapter 3 – Parabellum,9,,,,
John Wick: Chapter 3 – Parabellum,10,,,,
John Wick: Chapter 3 – Parabellum,11,,,,
John Wick: Chapter 3 – Parabellum,12,,,,
John Wick: Chapter 3 – Parabellum,13,,,,
John Wick: Chapter 3 – Parabellum,14,,,,
John Wick: Chapter 3 – Parabellum,15,,,,
John Wick: Chapter 3 – Parabellum,16,2,Handgun,Assassin,Chinatown
John Wick: Chapter 3 – Parabellum,17,,,,
John Wick: Chapter 3 – Parabellum,18,3,Knife,Assassin,Chinatown
John Wick: Chapter 3 – Parabellum,18,4,Knife,Assassin,Chinatown
John Wick: Chapter 3 – Parabellum,18,,,,
John Wick: Chapter 3 – Parabellum,19,5,Knife,Assassin,Chinatown
John Wick: Chapter 3 – Parabellum,19,6,Knife,Assassin,Chinatown
John Wick: Chapter 3 – Parabellum,19,7,Axe,Assassin,Chinatown
John Wick: Chapter 3 – Parabellum,20,,,,
John Wick: Chapter 3 – Parabellum,21,8,Horse,Assassin,Stables
John Wick: Chapter 3 – Parabellum,22,9,Horse,Assassin,Stables
John Wick: Chapter 3 – Parabellum,22,10,Horse,Assassin,Stables
John Wick: Chapter 3 – Parabellum,23,11,Handgun,Assassin,NYC Streets
John Wick: Chapter 3 – Parabellum,23,12,Handgun,Assassin,NYC Streets
John Wick: Chapter 3 – Parabellum,24,,,,
John Wick: Chapter 3 – Parabellum,25,,,,
John Wick: Chapter 3 – Parabellum,26,,,,
John Wick: Chapter 3 – Parabellum,27,,,,
John Wick: Chapter 3 – Parabellum,28,,,,
John Wick: Chapter 3 – Parabellum,29,,,,
John Wick: Chapter 3 – Parabellum,30,,,,
John Wick: Chapter 3 – Parabellum,31,,,,
John Wick: Chapter 3 – Parabellum,32,,,,
John Wick: Chapter 3 – Parabellum,33,,,,
John Wick: Chapter 3 – Parabellum,34,,,,
John Wick: Chapter 3 – Parabellum,35,,,,
John Wick: Chapter 3 – Parabellum,36,,,,
John Wick: Chapter 3 – Parabellum,37,,,,
John Wick: Chapter 3 – Parabellum,38,,,,
John Wick: Chapter 3 – Parabellum,39,,,,
John Wick: Chapter 3 – Parabellum,40,,,,
John Wick: Chapter 3 – Parabellum,41,,,,
John Wick: Chapter 3 – Parabellum,42,,,,
John Wick: Chapter 3 – Parabellum,43,,,,
John Wick: Chapter 3 – Parabellum,44,,,,
John Wick: Chapter 3 – Parabellum,45,,,,
John Wick: Chapter 3 – Parabellum,46,,,,
John Wick: Chapter 3 – Parabellum,47,,,,
John Wick: Chapter 3 – Parabellum,48,,,,
John Wick: Chapter 3 – Parabellum,49,,,,
John Wick: Chapter 3 – Parabellum,50,,,,
John Wick: Chapter 3 – Parabellum,51,,,,
John Wick: Chapter 3 – Parabellum,52,,,,
John Wick: Chapter 3 – Parabellum,53,,,,
John Wick: Chapter 3 – Parabellum,54,,,,
John Wick: Chapter 3 – Parabellum,55,,,,
John Wick: Chapter 3 – Parabellum,56,13,SMG,Assassin,Berrada's Home
John Wick: Chapter 3 – Parabellum,56,14,SMG,Assassin,Berrada's Home
John Wick: Chapter 3 – Parabellum,56,15,SMG,Assassin,Berrada's Home
John Wick: Chapter 3 – Parabellum,56,16,SMG,Assassin,Berrada's Home
John Wick: Chapter 3 – Parabellum,56,17,SMG,Assassin,Berrada's Home
John Wick: Chapter 3 – Parabellum,57,18,Handgun,Assassin,Berrada's Home
John Wick: Chapter 3 – Parabellum,57,19,Handgun,Assassin,Berrada's Home
John Wick: Chapter 3 – Parabellum,57,20,Handgun,Assassin,Berrada's Home
John Wick: Chapter 3 – Parabellum,57,21,Handgun,Assassin,Berrada's Home
John Wick: Chapter 3 – Parabellum,57,22,Handgun,Assassin,Berrada's Home
John Wick: Chapter 3 – Parabellum,57,23,Handgun,Assassin,Berrada's Home
John Wick: Chapter 3 – Parabellum,58,24,Handgun,Assassin,Casablanca Streets
John Wick: Chapter 3 – Parabellum,58,25,Handgun,Assassin,Casablanca Streets
John Wick: Chapter 3 – Parabellum,58,26,Handgun,Assassin,Casablanca Streets
John Wick: Chapter 3 – Parabellum,58,27,Handgun,Assassin,Casablanca Streets
John Wick: Chapter 3 – Parabellum,58,28,Handgun,Assassin,Casablanca Streets
John Wick: Chapter 3 – Parabellum,59,29,Handgun,Assassin,Casablanca Streets
John Wick: Chapter 3 – Parabellum,59,30,Handgun,Assassin,Casablanca Streets
John Wick: Chapter 3 – Parabellum,60,31,Handgun,Assassin,Casablanca Streets
John Wick: Chapter 3 – Parabellum,60,32,Handgun,Assassin,Casablanca Streets
John Wick: Chapter 3 – Parabellum,60,33,Handgun,Assassin,Casablanca Streets
John Wick: Chapter 3 – Parabellum,60,34,Handgun,Assassin,Casablanca Streets
John Wick: Chapter 3 – Parabellum,60,35,Handgun,Assassin,Casablanca Streets
John Wick: Chapter 3 – Parabellum,60,36,Handgun,Assassin,Casablanca Streets
John Wick: Chapter 3 – Parabellum,60,37,Handgun,Assassin,Casablanca Streets
John Wick: Chapter 3 – Parabellum,60,38,Handgun,Assassin,Casablanca Streets
John Wick: Chapter 3 – Parabellum,61,39,Handgun,Assassin,Casablanca Streets
John Wick: Chapter 3 – Parabellum,61,40,Handgun,Assassin,Casablanca Streets
John Wick: Chapter 3 – Parabellum,61,41,Handgun,Assassin,Casablanca Streets
John Wick: Chapter 3 – Parabellum,61,42,Handgun,Assassin,Casablanca Streets
John Wick: Chapter 3 – Parabellum,62,43,Handgun,Assassin,Casablanca Streets
John Wick: Chapter 3 – Parabellum,62,44,Handgun,Assassin,Casablanca Streets
John Wick: Chapter 3 – Parabellum,62,45,Handgun,Assassin,Casablanca Streets
John Wick: Chapter 3 – Parabellum,63,,,,
John Wick: Chapter 3 – Parabellum,64,,,,
John Wick: Chapter 3 – Parabellum,65,,,,
John Wick: Chapter 3 – Parabellum,66,,,,
John Wick: Chapter 3 – Parabellum,67,,,,
John Wick: Chapter 3 – Parabellum,68,,,,
John Wick: Chapter 3 – Parabellum,69,,,,
John Wick: Chapter 3 – Parabellum,70,,,,
John Wick: Chapter 3 – Parabellum,71,,,,
John Wick: Chapter 3 – Parabellum,72,,,,
John Wick: Chapter 3 – Parabellum,73,,,,
John Wick: Chapter 3 – Parabellum,74,,,,
John Wick: Chapter 3 – Parabellum,75,,,,
John Wick: Chapter 3 – Parabellum,76,46,Knife,Ninja Assassin,NYC Streets
John Wick: Chapter 3 – Parabellum,77,47,Handgun,Ninja Assassin,NYC Streets
John Wick: Chapter 3 – Parabellum,77,48,Handgun,Ninja Assassin,NYC Streets
John Wick: Chapter 3 – Parabellum,78,49,Handgun,Ninja Assassin,NYC Streets
John Wick: Chapter 3 – Parabellum,78,50,Sword,Ninja Assassin,NYC Streets
John Wick: Chapter 3 – Parabellum,78,51,Vehicle,Ninja Assassin,NYC Streets
John Wick: Chapter 3 – Parabellum,79,52,Sword,Ninja Assassin,NYC Streets
John Wick: Chapter 3 – Parabellum,79,53,Sword,Ninja Assassin,NYC Streets
John Wick: Chapter 3 – Parabellum,80,,,,
John Wick: Chapter 3 – Parabellum,81,,,,
John Wick: Chapter 3 – Parabellum,82,,,,
John Wick: Chapter 3 – Parabellum,83,,,,
John Wick: Chapter 3 – Parabellum,84,,,,
John Wick: Chapter 3 – Parabellum,85,,,,
John Wick: Chapter 3 – Parabellum,86,,,,
John Wick: Chapter 3 – Parabellum,87,,,,
John Wick: Chapter 3 – Parabellum,88,,,,
John Wick: Chapter 3 – Parabellum,89,,,,
John Wick: Chapter 3 – Parabellum,90,,,,
John Wick: Chapter 3 – Parabellum,91,,,,
John Wick: Chapter 3 – Parabellum,92,,,,
John Wick: Chapter 3 – Parabellum,93,,,,
John Wick: Chapter 3 – Parabellum,94,54,Handgun,High Table Hit Squad,The Continental
John Wick: Chapter 3 – Parabellum,95,55,Handgun,High Table Hit Squad,The Continental
John Wick: Chapter 3 – Parabellum,95,56,Handgun,High Table Hit Squad,The Continental
John Wick: Chapter 3 – Parabellum,96,57,Handgun,High Table Hit Squad,The Continental
John Wick: Chapter 3 – Parabellum,96,58,Handgun,High Table Hit Squad,The Continental
John Wick: Chapter 3 – Parabellum,96,59,Assault Rifle,High Table Hit Squad,The Continental
John Wick: Chapter 3 – Parabellum,96,60,Assault Rifle,High Table Hit Squad,The Continental
John Wick: Chapter 3 – Parabellum,96,61,Handgun,High Table Hit Squad,The Continental
John Wick: Chapter 3 – Parabellum,97,62,Handgun,High Table Hit Squad,The Continental
John Wick: Chapter 3 – Parabellum,98,63,Shotgun,High Table Hit Squad,The Continental
John Wick: Chapter 3 – Parabellum,98,64,Shotgun,High Table Hit Squad,The Continental
John Wick: Chapter 3 – Parabellum,98,65,Shotgun,High Table Hit Squad,The Continental
John Wick: Chapter 3 – Parabellum,98,66,Shotgun,High Table Hit Squad,The Continental
John Wick: Chapter 3 – Parabellum,98,67,Shotgun,High Table Hit Squad,The Continental
John Wick: Chapter 3 – Parabellum,98,68,Shotgun,High Table Hit Squad,The Continental
John Wick: Chapter 3 – Parabellum,99,69,Shotgun,High Table Hit Squad,The Continental
John Wick: Chapter 3 – Parabellum,99,70,Shotgun,High Table Hit Squad,The Continental
John Wick: Chapter 3 – Parabellum,99,71,Shotgun,High Table Hit Squad,The Continental
John Wick: Chapter 3 – Parabellum,99,72,Shotgun,High Table Hit Squad,The Continental
John Wick: Chapter 3 – Parabellum,99,73,Shotgun,High Table Hit Squad,The Continental
John Wick: Chapter 3 – Parabellum,99,74,Shotgun,High Table Hit Squad,The Continental
John Wick: Chapter 3 – Parabellum,99,75,Shotgun,High Table Hit Squad,The Continental
John Wick: Chapter 3 – Parabellum,99,76,Shotgun,High Table Hit Squad,The Continental
John Wick: Chapter 3 – Parabellum,99,77,Shotgun,High Table Hit Squad,The Continental
John Wick: Chapter 3 – Parabellum,99,78,Shotgun,High Table Hit Squad,The Continental
John Wick: Chapter 3 – Parabellum,99,79,Shotgun,High Table Hit Squad,The Continental
John Wick: Chapter 3 – Parabellum,99,80,Shotgun,High Table Hit Squad,The Continental
John Wick: Chapter 3 – Parabellum,99,81,Shotgun,High Table Hit Squad,The Continental
John Wick: Chapter 3 – Parabellum,99,82,Shotgun,High Table Hit Squad,The Continental
John Wick: Chapter 3 – Parabellum,100,83,Handgun,High Table Hit Squad,The Continental
John Wick: Chapter 3 – Parabellum,100,84,Handgun,High Table Hit Squad,The Continental
John Wick: Chapter 3 – Parabellum,100,85,Handgun,High Table Hit Squad,The Continental
John Wick: Chapter 3 – Parabellum,101,,,,
John Wick: Chapter 3 – Parabellum,102,,,,
John Wick: Chapter 3 – Parabellum,103,,,,
John Wick: Chapter 3 – Parabellum,104,86,Sword,Ninja Assassin,The Continental
John Wick: Chapter 3 – Parabellum,104,87,Sword,Ninja Assassin,The Continental
John Wick: Chapter 3 – Parabellum,105,,,,
John Wick: Chapter 3 – Parabellum,106,,,,
John Wick: Chapter 3 – Parabellum,107,,,,
John Wick: Chapter 3 – Parabellum,108,,,,
John Wick: Chapter 3 – Parabellum,109,,,,
John Wick: Chapter 3 – Parabellum,110,,,,
John Wick: Chapter 3 – Parabellum,111,,,,
John Wick: Chapter 3 – Parabellum,112,,,,
John Wick: Chapter 3 – Parabellum,113,,,,
John Wick: Chapter 3 – Parabellum,114,,,,
John Wick: Chapter 3 – Parabellum,115,88,Sword,Zero,The Continental
John Wick: Chapter 3 – Parabellum,116,,,,
John Wick: Chapter 3 – Parabellum,117,,,,
John Wick: Chapter 3 – Parabellum,118,,,,
John Wick: Chapter 3 – Parabellum,119,,,,
John Wick: Chapter 3 – Parabellum,120,,,,
